Track URI,Track Name,Album Name,Artist Name(s),Release Date,Duration (ms),Popularity,Explicit,Added By,Added At,Genres,Record Label,Danceability,Energy,Key,Loudness,Mode,Speechiness,Acousticness,Instrumentalness,Liveness,Valence,Tempo,Time Signature
spotify:track:7dbzO881X6TVJST6EKhnDg,"Maruvaarthai","Enai Noki Paayum Thota (Original Motion Picture Soundtrack)","Darbuka Siva;Sid Sriram",2023-05-09,356718,62,false,314roqaikmv2s4yqyzmq7h2qwb54,2024-12-27T19:25:44Z,"tamil pop,kollywood,tollywood,telugu pop","Ondraga Entertainment",0.565,0.715,8,-7.256,1,0.0307,0.00892,0.0000269,0.102,0.271,127.98,4
spotify:track:6Z8oU8xMOie24Cflh2Sw6p,"Venmegam","Yaaradi Nee Mohini (Original Motion Picture Soundtrack)","Yuvan Shankar Raja;Hariharan;Na.Muthukumar",2008-10-17,274853,70,false,314roqaikmv2s4yqyzmq7h2qwb54,2025-01-17T15:57:29Z,"tamil pop,kollywood,tamil dance,tollywood,telugu pop,bhajan,ghazal,devotional","Think Music (India)",0.803,0.426,3,-11.54,1,0.0742,0.418,0.0000223,0.11,0.556,114.945,4
spotify:track:6zdikHQs2PBFgGIZBxqOeV,"Po Nee Po - The Pain of Love","3 (Original Motion Picture Soundtrack)","Anirudh Ravichander;Mohit Chauhan;Dhanush",2011-12-23,251786,69,false,314roqaikmv2s4yqyzmq7h2qwb54,2025-02-13T19:14:00Z,"tamil pop,kollywood,tamil dance,tamil hip hop,tollywood,telugu pop,bollywood,hindi pop,sufi,desi","Sony Music Entertainment India Pvt. Ltd.",0.549,0.619,4,-6.924,0,0.0344,0.372,0.00000767,0.146,0.407,90.034,4
spotify:track:6sPW145Y3LSXd4p1LjBOcS,"Kanave Kanave","David","Anirudh Ravichander",2013-01-10,284784,71,false,314roqaikmv2s4yqyzmq7h2qwb54,2025-02-13T19:41:44Z,"tamil pop,kollywood,tamil dance,tamil hip hop,tollywood,telugu pop","T-Series",0.47,0.513,9,-10.076,0,0.0294,0.373,0.0000065,0.123,0.477,95.015,1
spotify:track:1wIfq9Zul77qAtokyLTlXr,"Ava Enna","Vaaranam Aayiram (Original Motion Picture Soundtrack)","Harris Jayaraj;Karthik;VV Prassanna;Thamarai",2008-10-08,318493,69,false,314roqaikmv2s4yqyzmq7h2qwb54,2025-03-04T05:38:11Z,"tamil pop,kollywood,telugu pop,tamil dance,tollywood,kannada pop,malayalam pop,mollywood","Sony Music Entertainment India Pvt. Ltd.",0.594,0.454,5,-9.422,0,0.0755,0.497,0.0000383,0.0736,0.705,133.825,4
spotify:track:3iF1cjTreoo68TafjygwZB,"Yaen Ennai Pirindhaai","Adithya Varma","Sid Sriram",2019-09-30,198250,53,false,314roqaikmv2s4yqyzmq7h2qwb54,2025-03-06T12:35:18Z,"tollywood,telugu pop,tamil pop,kollywood","Aditya Music",0.569,0.43,1,-7.679,1,0.0273,0.824,0.00000663,0.116,0.358,76.466,4
spotify:track:1lqdPJz24AiFWeo3arwPXR,"Yaaro Yaaro","Maattrraan (Original Motion Picture Soundtrack)","Harris Jayaraj;Karthik;Priya Hemesh;Thamarai",2012-08-10,336666,60,false,314roqaikmv2s4yqyzmq7h2qwb54,2025-03-13T02:16:44Z,"tamil pop,kollywood,telugu pop,tamil dance,tollywood,kannada pop,malayalam pop,mollywood","Sony Music Entertainment India Pvt. Ltd.",0.702,0.44,4,-10.756,0,0.0913,0.677,0.0000012,0.0855,0.448,147.073,4
spotify:track:1dmTEETgoWQVeNZb1g8dZc,"Yamma Yamma","7 Aum Arivu (Original Motion Picture Soundtrack)","Harris Jayaraj;S. P. Balasubrahmanyam;Kabilan",2011-09-22,367493,65,false,314roqaikmv2s4yqyzmq7h2qwb54,2025-04-05T09:41:12Z,"tamil pop,kollywood,telugu pop,tamil dance,tollywood,kannada pop,devotional,sandalwood","Sony Music Entertainment India Pvt. Ltd.",0.581,0.431,2,-10.364,1,0.0353,0.699,0.0000465,0.134,0.446,88.809,4
spotify:track:2TyThiy0ll1Iqe0hNc3JIK,"Marandhaye","Teddy (Original Motion Picture Soundtrack)","D. Imman;Pradeep Kumar;Jonita Gandhi;Madhan Karky",2020-04-24,299305,54,false,314roqaikmv2s4yqyzmq7h2qwb54,2025-04-21T18:20:03Z,"tamil pop,tamil dance,kollywood,kannada pop,bollywood,hindi pop,desi","Think Music",0.362,0.711,9,-4.652,1,0.0386,0.525,0,0.329,0.336,164.649,3
spotify:track:7mLEUzAulFygMchoGMrP8E,"Ennodu Nee Irundhaal","I (Original Motion Picture Soundtrack)","A.R. Rahman;Sid Sriram;Sunitha Sarathy;Kabilan",2014-09-18,352710,71,false,314roqaikmv2s4yqyzmq7h2qwb54,2025-05-13T05:07:40Z,"tamil pop,kollywood,bollywood,sufi,hindi pop,tollywood,telugu pop,tamil dance,tamil hip hop","Sony Music Entertainment India Pvt. Ltd.",0.261,0.603,0,-6.733,1,0.0367,0.558,0,0.184,0.207,158.125,4
spotify:track:6uA90IUWpY0SaMmhVdWWJk,"Pogadhe","Deepavali (Original Motion Picture Soundtrack)","Yuvan Shankar Raja;Na.Muthukumar",2007-01-05,330400,59,false,314roqaikmv2s4yqyzmq7h2qwb54,2025-06-05T05:44:14Z,"tamil pop,kollywood,tamil dance,tollywood,telugu pop","Ayngaran",0.657,0.411,4,-12.035,1,0.0369,0.729,0.0000029,0.141,0.127,80.168,4
spotify:track:4cHcqxoq2T2K7VuCxmNhLt,"Engade Nee Ponae","Dev (Original Motion Picture Soundtrack)","S. P. Balasubrahmanyam",2018-12-30,312345,22,false,314roqaikmv2s4yqyzmq7h2qwb54,2025-07-19T04:17:02Z,"kannada pop,telugu pop,tamil pop,devotional,sandalwood,tollywood","Times Music",0.735,0.357,0,-10.464,0,0.0321,0.465,0.000124,0.109,0.306,91.009,4
spotify:track:10fOnYaNwPEbbtKbX1Pfoc,"Yaarumillaa","Adithya Varma","Sid Sriram",2019-11-26,248709,0,false,314roqaikmv2s4yqyzmq7h2qwb54,2025-07-26T04:48:42Z,"tollywood,telugu pop,tamil pop,kollywood","Aditya Music",0.483,0.291,0,-9.953,1,0.0253,0.675,0,0.115,0.385,153.94,3
spotify:track:22l0qyOhl50I7bslggljTD,"Poongatrile","Uyire (Original Motion Picture Soundtrack)","Unni Menon;Swarnalatha",1998-08-21,340610,61,false,314roqaikmv2s4yqyzmq7h2qwb54,2025-08-09T10:51:50Z,"tamil pop,malayalam pop,kollywood,tamil dance","Track Music",0.743,0.335,11,-13.506,0,0.0377,0.25,0,0.131,0.574,121.968,4
spotify:track:3MmJ7drXrwYUTysTG8WQMO,"Rasathi Unna","Vaidehi Kaathirundhaal (Original Motion Picture Soundtrack)","Ilaiyaraaja;P. Jayachandran;Vaali",1984-01-01,263866,57,false,314roqaikmv2s4yqyzmq7h2qwb54,2025-08-20T19:44:57Z,"tamil pop,telugu pop,kollywood,malayalam pop,mollywood,tamil dance","Echo Recording Co. Pvt. Ltd.",0.626,0.445,3,-7.965,1,0.0267,0.516,0.0105,0.181,0.832,95.525,3
spotify:track:6Xzt0znnvXOijo66f0srBA,"Yaen Ennai Pirindhaai","Adithya Varma","Sid Sriram",2019-11-26,198250,0,false,314roqaikmv2s4yqyzmq7h2qwb54,2025-09-15T17:32:55Z,"tollywood,telugu pop,tamil pop,kollywood","Aditya Music",0.563,0.432,1,-7.862,1,0.0278,0.818,0.00000761,0.119,0.348,76.499,4
spotify:track:4HjxwwwwqB7GRWggAVDBeD,"Yaarumillaa","Adithya Varma","Sid Sriram",2019-11-26,248709,0,false,314roqaikmv2s4yqyzmq7h2qwb54,2025-10-14T05:14:43Z,"tollywood,telugu pop,tamil pop,kollywood","Aditya Music",0.483,0.291,0,-9.953,1,0.0253,0.675,0,0.115,0.385,153.94,3
spotify:track:0mkKKkgfYmeGyNexOj7Ipw,"Kaathirundhu","Vaidehi Kaathirundhaal (Original Motion Picture Soundtrack)","Ilaiyaraaja;P. Jayachandran",1984-01-01,262026,46,false,314roqaikmv2s4yqyzmq7h2qwb54,2025-10-30T15:47:54Z,"tamil pop,telugu pop,kollywood,malayalam pop,mollywood","Echo Recording Co. Pvt. Ltd.",0.555,0.426,0,-8.636,1,0.0731,0.817,0.0000367,0.234,0.606,137.966,3
